full_name,email,phone
John Doe,john.doe@example.com,(555) 123-4567
Jane Roe,jane.roe@example.com,(555) 987-6543
Charlie Brown,charlie.brown@example.com,(555) 678-9012
Alice Wonderland,alice.wonderland@example.com,(555) 234-5678
Bob Builder,bob.builder@example.com,(555) 345-6789
John wick,ggg@gmail.com,0546754399
John snow,ggggmail.com,0546754399
John snow,ggggmail.com,0546754399
John snow,ggg@gmail.com,0546754399
John snow,ggg@gmail.com,0546754399
John snow,ggg@gmail.com,0546754399
John snow,ggggmail.com,0546754399
John snow,ggggmail.com,0546754399
John snow,ggggmail.com,0546754399
suzi wick,eeera@gmail.com,0546754399
suzi wick,eeera@gmail.com,0546754399
suzi wick,eeera@gmail.com,0546754399
suzi wick,eeera@gmail.com,0546754399
suzi wick,eeera@gmail.com,0546754399
suzi wick,eeera@gmail.com,0546754399
suzi wick,eeera@gmail.com,0546754399
suzi wick,eeera@gmail.com,0546754399
suzi wick,eeera@gmail.com,0546754399
suzi wick,eeera@gmail.com,0546754399
suzi wick,eeera@gmail.com,0546754399
suzi wick,eeera@gmail.com,0546754399
suzi wick,bibi@gmail.com,0546754399
suzi wick,bibi@gmail.com,0546754399
suzi wick,bibi@gmail.com,0546754399
suzi wick,bibi@gmail.com,0546754399
suzi wick,bibi@gmail.com,0546754399
suzi wick,bibi@gmail.com,0546754399
suzi wick,bibi@gmail.com,0546754399
suzi wick,bibi@gmail.com,0546754399
suzi wick,bibi@gmail.com,0546754399
suzi wick,bibi@gmail.com,0546754399
suzi wick,bibi@gmail.com,0546754399
John Wick,John.Wick@gmail.com,0546754399
John Wick,John.Wick@gmail.com,0546754399
John Wick,John.Wick@gmail.com,0546754399
John Wick,John.Wick@gmail.com,0546754399
John Wick,John.Wick@gmail.com,0546754399
John Wick,John.Wick@gmail.com,0546754399
suzi wick,bibi@gmail.com,0546754399
suzi wick,bibi@gmail.com,0546754399
suzi wick,bibi@gmail.com,0546754399
suzi wick,bibi@gmail.com,0546754399
suzi wick,bibi@gmail.com,0546754399
suzi wick,bibi@gmail.com,0546754399
suzi wick,bibi@gmail.com,0546754399
suzi wick,bibi@gmail.com,0546754399
John Wick,John.Wick@gmail.com,0546754399
John Wick,John.Wick@gmail.com,0546754399
John Wick,John.Wick@gmail.com,0546754399
John Wick,John.Wick@gmail.com,0546754399
John Doe,john.doe@example.com,1234567890
John Doe,john.doe@example.com,1234567890
John Wick,John.Wick@gmail.com,0546754399
John Wick,John.Wick@gmail.com,0546754399
John Wick,John.Wick@gmail.com,0546754399
